measurement_id,chembl_id,paper_label,endpoint,state,relation,value,error,units,assay_context,assay_id,assay_chembl_id,source_kind,source_ref,source_note
m_biib_7_btk_ic50,CHEMBL5555158,7,BTK_IC50,biochemical,=,63.0,,nM,BTK_polyGAT_time_resolved_fluorescence,2424410,CHEMBL5502958,ChEMBL,activity_25837882,
m_biib_7_log_kinact_ki,CHEMBL5555158,7,log_kinact_Ki,biochemical,<,2.4,,,full_length_BTK_SOX_kinetic_assay,2424411,CHEMBL5502959,ChEMBL,activity_25837886,
m_biib_7_mdr1_ratio,CHEMBL5555158,7,MDR1_efflux_ratio,MDCK_MDR1,=,6.0,,ratio,MDCK_MDR1_apparent_permeability_efflux,2424413,CHEMBL5502961,ChEMBL,activity_25837928,
m_biib_10_btk_ic50,CHEMBL5558638,10,BTK_IC50,biochemical,=,0.5,,nM,BTK_polyGAT_time_resolved_fluorescence,2424410,CHEMBL5502958,ChEMBL,activity_25837885,
m_biib_10_log_kinact_ki,CHEMBL5558638,10,log_kinact_Ki,biochemical,=,4.43,,,full_length_BTK_SOX_kinetic_assay,2424411,CHEMBL5502959,ChEMBL,activity_25837889,
m_biib_10_wb_cd69,CHEMBL5558638,10,WB_CD69_IC50,human_whole_blood,=,0.333,,uM,anti_IgD_stimulated_CD19_B_cell_CD69,2424416,CHEMBL5502964,Paperclip_full_text_and_ChEMBL,activity_25837992;paper_line_228,Paper reports uM; ChEMBL numeric value retained but its standardized nM unit is inconsistent with the article.
m_biib_10_mdr1_ratio,CHEMBL5558638,10,MDR1_efflux_ratio,MDCK_MDR1,=,5.4,,ratio,MDCK_MDR1_apparent_permeability_efflux,2424413,CHEMBL5502961,ChEMBL,activity_25837932,Selected article-reported 5.4 row over duplicate 5.0 row.
m_biib_10_rlm_cl,CHEMBL5558638,10,intrinsic_clearance,rat_microsomes,=,820.0,,mL.min-1.kg-1,rat_liver_microsomes_intrinsic_clearance,2424414,CHEMBL5502962,ChEMBL,activity_25837953,
m_biib_10_hlm_cl,CHEMBL5558638,10,intrinsic_clearance,human_microsomes,=,74.2,,mL.min-1.kg-1,human_liver_microsomes_intrinsic_clearance,2424415,CHEMBL5502963,ChEMBL,activity_25837974,
m_biib_10_kpuu,CHEMBL5558638,10,Kp_uu_brain,rat,=,0.37,,ratio,rat_constant_infusion_unbound_brain_to_plasma,2424419,CHEMBL5502967,ChEMBL,activity_25838036,
m_biib_10_gsh_t_half,CHEMBL5558638,10,GSH_half_life,buffer,=,9.4,,hr,GSH_reactivity_half_life,2424420,CHEMBL5502968,ChEMBL,activity_25838047,
m_biib_11_log_kinact_ki,CHEMBL5556300,11,log_kinact_Ki,biochemical,=,4.11,,,full_length_BTK_SOX_kinetic_assay,2424411,CHEMBL5502959,ChEMBL,activity_25837890,
m_biib_11_wb_cd69,CHEMBL5556300,11,WB_CD69_IC50,human_whole_blood,=,1.72,,uM,anti_IgD_stimulated_CD19_B_cell_CD69,2424416,CHEMBL5502964,Paperclip_full_text_and_ChEMBL,activity_25837993;paper_line_274,Paper reports uM; ChEMBL standardized unit appears inconsistent.
m_biib_11_mdr1_ratio,CHEMBL5556300,11,MDR1_efflux_ratio,MDCK_MDR1,=,13.0,,ratio,MDCK_MDR1_apparent_permeability_efflux,2424413,CHEMBL5502961,ChEMBL,activity_25837933,
m_biib_11_rlm_cl,CHEMBL5556300,11,intrinsic_clearance,rat_microsomes,=,827.0,,mL.min-1.kg-1,rat_liver_microsomes_intrinsic_clearance,2424414,CHEMBL5502962,ChEMBL,activity_25837954,
m_biib_11_hlm_cl,CHEMBL5556300,11,intrinsic_clearance,human_microsomes,=,133.0,,mL.min-1.kg-1,human_liver_microsomes_intrinsic_clearance,2424415,CHEMBL5502963,ChEMBL,activity_25837975,
m_biib_12_log_kinact_ki,CHEMBL5527884,12,log_kinact_Ki,biochemical,=,5.06,,,full_length_BTK_SOX_kinetic_assay,2424411,CHEMBL5502959,ChEMBL,activity_25837891,
m_biib_12_wb_cd69,CHEMBL5527884,12,WB_CD69_IC50,human_whole_blood,=,0.087,,uM,anti_IgD_stimulated_CD19_B_cell_CD69,2424416,CHEMBL5502964,Paperclip_full_text_and_ChEMBL,activity_25837994;paper_line_279,Paper reports uM; ChEMBL standardized unit appears inconsistent.
m_biib_12_mdr1_ratio,CHEMBL5527884,12,MDR1_efflux_ratio,MDCK_MDR1,=,13.0,,ratio,MDCK_MDR1_apparent_permeability_efflux,2424413,CHEMBL5502961,ChEMBL,activity_25837934,
m_biib_12_rlm_cl,CHEMBL5527884,12,intrinsic_clearance,rat_microsomes,=,959.0,,mL.min-1.kg-1,rat_liver_microsomes_intrinsic_clearance,2424414,CHEMBL5502962,ChEMBL,activity_25837955,
m_biib_12_hlm_cl,CHEMBL5527884,12,intrinsic_clearance,human_microsomes,=,62.0,,mL.min-1.kg-1,human_liver_microsomes_intrinsic_clearance,2424415,CHEMBL5502963,ChEMBL,activity_25837976,
m_biib_12_gsh_t_half,CHEMBL5527884,12,GSH_half_life,buffer,=,0.8,,hr,GSH_reactivity_half_life,2424420,CHEMBL5502968,ChEMBL,activity_25838048,
m_biib_13_log_kinact_ki,CHEMBL5555942,13,log_kinact_Ki,biochemical,=,4.9,,,full_length_BTK_SOX_kinetic_assay,2424411,CHEMBL5502959,ChEMBL,activity_25837892,
m_biib_13_wb_cd69,CHEMBL5555942,13,WB_CD69_IC50,human_whole_blood,=,0.241,,uM,anti_IgD_stimulated_CD19_B_cell_CD69,2424416,CHEMBL5502964,Paperclip_full_text_and_ChEMBL,activity_25837995;paper_line_295,Paper reports uM; ChEMBL standardized unit appears inconsistent.
m_biib_13_mdr1_ratio,CHEMBL5555942,13,MDR1_efflux_ratio,MDCK_MDR1,=,6.1,,ratio,MDCK_MDR1_apparent_permeability_efflux,2424413,CHEMBL5502961,ChEMBL,activity_25837935,
m_biib_13_rlm_cl,CHEMBL5555942,13,intrinsic_clearance,rat_microsomes,=,556.0,,mL.min-1.kg-1,rat_liver_microsomes_intrinsic_clearance,2424414,CHEMBL5502962,ChEMBL,activity_25837956,
m_biib_13_hlm_cl,CHEMBL5555942,13,intrinsic_clearance,human_microsomes,=,135.0,,mL.min-1.kg-1,human_liver_microsomes_intrinsic_clearance,2424415,CHEMBL5502963,ChEMBL,activity_25837977,
m_biib_13_kpuu,CHEMBL5555942,13,Kp_uu_brain,rat,=,0.64,,ratio,rat_constant_infusion_unbound_brain_to_plasma,2424419,CHEMBL5502967,ChEMBL,activity_25838037,
m_biib_13_gsh_t_half,CHEMBL5555942,13,GSH_half_life,buffer,=,4.9,,hr,GSH_reactivity_half_life,2424420,CHEMBL5502968,ChEMBL,activity_25838049,
m_biib_17_log_kinact_ki,CHEMBL5512502,17,log_kinact_Ki,biochemical,=,2.4,,,full_length_BTK_SOX_kinetic_assay,2424411,CHEMBL5502959,ChEMBL,activity_25837896,
m_biib_17_wb_cd69,CHEMBL5512502,17,WB_CD69_IC50,human_whole_blood,>,10.0,,uM,anti_IgD_stimulated_CD19_B_cell_CD69,2424416,CHEMBL5502964,Paperclip_full_text_and_ChEMBL,activity_25837999,Paper reports uM; ChEMBL standardized unit appears inconsistent.
m_biib_17_mdr1_ratio,CHEMBL5512502,17,MDR1_efflux_ratio,MDCK_MDR1,=,4.1,,ratio,MDCK_MDR1_apparent_permeability_efflux,2424413,CHEMBL5502961,ChEMBL,activity_25837939,
m_biib_17_rlm_cl,CHEMBL5512502,17,intrinsic_clearance,rat_microsomes,=,33.0,,mL.min-1.kg-1,rat_liver_microsomes_intrinsic_clearance,2424414,CHEMBL5502962,ChEMBL,activity_25837960,
m_biib_17_hlm_cl,CHEMBL5512502,17,intrinsic_clearance,human_microsomes,=,18.0,,mL.min-1.kg-1,human_liver_microsomes_intrinsic_clearance,2424415,CHEMBL5502963,ChEMBL,activity_25837981,
m_biib_20_log_kinact_ki,CHEMBL5505923,20,log_kinact_Ki,biochemical,=,4.01,,,full_length_BTK_SOX_kinetic_assay,2424411,CHEMBL5502959,ChEMBL,activity_25837899,
m_biib_20_wb_cd69,CHEMBL5505923,20,WB_CD69_IC50,human_whole_blood,>,10.0,,uM,anti_IgD_stimulated_CD19_B_cell_CD69,2424416,CHEMBL5502964,Paperclip_full_text_and_ChEMBL,activity_25838002,Paper reports uM; ChEMBL standardized unit appears inconsistent.
m_biib_20_tmd8_ic50,CHEMBL5505923,20,TMD8_IC50,human_TMD8,>,1000.0,,nM,TMD8_cell_proliferation,2424417,CHEMBL5502965,ChEMBL,activity_25838019,
m_biib_20_mdr1_ratio,CHEMBL5505923,20,MDR1_efflux_ratio,MDCK_MDR1,=,0.5,,ratio,MDCK_MDR1_apparent_permeability_efflux,2424413,CHEMBL5502961,ChEMBL,activity_25837942,
m_biib_20_rlm_cl,CHEMBL5505923,20,intrinsic_clearance,rat_microsomes,=,64.0,,mL.min-1.kg-1,rat_liver_microsomes_intrinsic_clearance,2424414,CHEMBL5502962,ChEMBL,activity_25837963,
m_biib_20_hlm_cl,CHEMBL5505923,20,intrinsic_clearance,human_microsomes,=,12.0,,mL.min-1.kg-1,human_liver_microsomes_intrinsic_clearance,2424415,CHEMBL5502963,ChEMBL,activity_25837984,
m_biib_21_log_kinact_ki,CHEMBL5557093,21,log_kinact_Ki,biochemical,=,4.22,,,full_length_BTK_SOX_kinetic_assay,2424411,CHEMBL5502959,ChEMBL,activity_25837900,
m_biib_21_wb_cd69,CHEMBL5557093,21,WB_CD69_IC50,human_whole_blood,>,10.0,,uM,anti_IgD_stimulated_CD19_B_cell_CD69,2424416,CHEMBL5502964,Paperclip_full_text_and_ChEMBL,activity_25838003,Paper reports uM; ChEMBL standardized unit appears inconsistent.
m_biib_21_tmd8_ic50,CHEMBL5557093,21,TMD8_IC50,human_TMD8,>,1000.0,,nM,TMD8_cell_proliferation,2424417,CHEMBL5502965,ChEMBL,activity_25838020,
m_biib_21_mdr1_ratio,CHEMBL5557093,21,MDR1_efflux_ratio,MDCK_MDR1,=,6.2,,ratio,MDCK_MDR1_apparent_permeability_efflux,2424413,CHEMBL5502961,ChEMBL,activity_25837943,
m_biib_21_rlm_cl,CHEMBL5557093,21,intrinsic_clearance,rat_microsomes,=,57.0,,mL.min-1.kg-1,rat_liver_microsomes_intrinsic_clearance,2424414,CHEMBL5502962,ChEMBL,activity_25837964,
m_biib_21_hlm_cl,CHEMBL5557093,21,intrinsic_clearance,human_microsomes,=,11.0,,mL.min-1.kg-1,human_liver_microsomes_intrinsic_clearance,2424415,CHEMBL5502963,ChEMBL,activity_25837985,
m_biib_22_log_kinact_ki,CHEMBL5517827,22,log_kinact_Ki,biochemical,=,4.59,,,full_length_BTK_SOX_kinetic_assay,2424411,CHEMBL5502959,ChEMBL,activity_25837901,
m_biib_22_wb_cd69,CHEMBL5517827,22,WB_CD69_IC50,human_whole_blood,=,0.736,,uM,anti_IgD_stimulated_CD19_B_cell_CD69,2424416,CHEMBL5502964,Paperclip_full_text_and_ChEMBL,activity_25838004,Paper reports uM; ChEMBL standardized unit appears inconsistent.
m_biib_22_tmd8_ic50,CHEMBL5517827,22,TMD8_IC50,human_TMD8,=,2.94,,nM,TMD8_cell_proliferation,2424417,CHEMBL5502965,ChEMBL,activity_25838021,
m_biib_22_mdr1_ratio,CHEMBL5517827,22,MDR1_efflux_ratio,MDCK_MDR1,=,8.7,,ratio,MDCK_MDR1_apparent_permeability_efflux,2424413,CHEMBL5502961,ChEMBL,activity_25837944,
m_biib_22_rlm_cl,CHEMBL5517827,22,intrinsic_clearance,rat_microsomes,=,787.0,,mL.min-1.kg-1,rat_liver_microsomes_intrinsic_clearance,2424414,CHEMBL5502962,ChEMBL,activity_25837965,
m_biib_22_hlm_cl,CHEMBL5517827,22,intrinsic_clearance,human_microsomes,=,128.0,,mL.min-1.kg-1,human_liver_microsomes_intrinsic_clearance,2424415,CHEMBL5502963,ChEMBL,activity_25837986,
m_biib_22_gsh_t_half,CHEMBL5517827,22,GSH_half_life,buffer,=,9.7,,hr,GSH_reactivity_half_life,2424420,CHEMBL5502968,ChEMBL,activity_25838056,
m_biib_23_log_kinact_ki,CHEMBL5537092,23,log_kinact_Ki,biochemical,=,5.11,,,full_length_BTK_SOX_kinetic_assay,2424411,CHEMBL5502959,ChEMBL,activity_25837902,
m_biib_23_wb_cd69,CHEMBL5537092,23,WB_CD69_IC50,human_whole_blood,=,0.157,,uM,anti_IgD_stimulated_CD19_B_cell_CD69,2424416,CHEMBL5502964,Paperclip_full_text_and_ChEMBL,activity_25838005,Paper reports uM; ChEMBL standardized unit appears inconsistent.
m_biib_23_tmd8_ic50,CHEMBL5537092,23,TMD8_IC50,human_TMD8,=,1.79,,nM,TMD8_cell_proliferation,2424417,CHEMBL5502965,ChEMBL,activity_25838022,
m_biib_23_mdr1_ratio,CHEMBL5537092,23,MDR1_efflux_ratio,MDCK_MDR1,=,4.9,,ratio,MDCK_MDR1_apparent_permeability_efflux,2424413,CHEMBL5502961,ChEMBL,activity_25837945,
m_biib_23_rlm_cl,CHEMBL5537092,23,intrinsic_clearance,rat_microsomes,=,238.0,,mL.min-1.kg-1,rat_liver_microsomes_intrinsic_clearance,2424414,CHEMBL5502962,ChEMBL,activity_25837966,
m_biib_23_hlm_cl,CHEMBL5537092,23,intrinsic_clearance,human_microsomes,=,27.0,,mL.min-1.kg-1,human_liver_microsomes_intrinsic_clearance,2424415,CHEMBL5502963,ChEMBL,activity_25837987,
m_biib_23_kpuu,CHEMBL5537092,23,Kp_uu_brain,rat,=,0.17,,ratio,rat_constant_infusion_unbound_brain_to_plasma,2424419,CHEMBL5502967,ChEMBL,activity_25838044,
m_biib_23_gsh_t_half,CHEMBL5537092,23,GSH_half_life,buffer,=,6.2,,hr,GSH_reactivity_half_life,2424420,CHEMBL5502968,ChEMBL,activity_25838057,
m_biib_25_log_kinact_ki,CHEMBL5532458,25,log_kinact_Ki,biochemical,=,4.6,,,full_length_BTK_SOX_kinetic_assay,2424411,CHEMBL5502959,ChEMBL,activity_25837904,
m_biib_25_wb_cd69,CHEMBL5532458,25,WB_CD69_IC50,human_whole_blood,=,0.079,,uM,anti_IgD_stimulated_CD19_B_cell_CD69,2424416,CHEMBL5502964,Paperclip_full_text_and_ChEMBL,activity_25838007;paper_line_427,Paper reports uM; ChEMBL standardized unit appears inconsistent.
m_biib_25_tmd8_ic50,CHEMBL5532458,25,TMD8_IC50,human_TMD8,=,0.82,,nM,TMD8_cell_proliferation,2424417,CHEMBL5502965,ChEMBL,activity_25838023,
m_biib_25_mdr1_ratio,CHEMBL5532458,25,MDR1_efflux_ratio,MDCK_MDR1,=,8.7,,ratio,MDCK_MDR1_apparent_permeability_efflux,2424413,CHEMBL5502961,ChEMBL,activity_25837947,
m_biib_25_rlm_cl,CHEMBL5532458,25,intrinsic_clearance,rat_microsomes,=,125.0,,mL.min-1.kg-1,rat_liver_microsomes_intrinsic_clearance,2424414,CHEMBL5502962,ChEMBL,activity_25837968,
m_biib_25_hlm_cl,CHEMBL5532458,25,intrinsic_clearance,human_microsomes,=,38.0,,mL.min-1.kg-1,human_liver_microsomes_intrinsic_clearance,2424415,CHEMBL5502963,ChEMBL,activity_25837989,
m_biib_25_kpuu,CHEMBL5532458,25,Kp_uu_brain,rat,=,0.11,,ratio,rat_constant_infusion_unbound_brain_to_plasma,2424419,CHEMBL5502967,ChEMBL,activity_25838045,
m_biib_25_gsh_t_half,CHEMBL5532458,25,GSH_half_life,buffer,=,4.29,,hr,GSH_reactivity_half_life,2424420,CHEMBL5502968,ChEMBL,activity_25838059,
m_biib_14_log_kinact_ki,CHEMBL5518143,14,log_kinact_Ki,biochemical,=,5.65,,,full_length_BTK_SOX_kinetic_assay,2424411,CHEMBL5502959,ChEMBL,activity_25837893,
m_biib_14_wb_cd69,CHEMBL5518143,14,WB_CD69_IC50,human_whole_blood,=,0.036,,uM,anti_IgD_stimulated_CD19_B_cell_CD69,2424416,CHEMBL5502964,Paperclip_full_text_and_ChEMBL,activity_25837996,Paper reports uM; ChEMBL standardized unit appears inconsistent.
m_biib_14_tmd8_ic50,CHEMBL5518143,14,TMD8_IC50,human_TMD8,=,0.76,,nM,TMD8_cell_proliferation,2424417,CHEMBL5502965,ChEMBL,activity_25838014,
m_biib_14_mdr1_ratio,CHEMBL5518143,14,MDR1_efflux_ratio,MDCK_MDR1,=,3.3,,ratio,MDCK_MDR1_apparent_permeability_efflux,2424413,CHEMBL5502961,ChEMBL,activity_25837936,
m_biib_14_rlm_cl,CHEMBL5518143,14,intrinsic_clearance,rat_microsomes,=,186.0,,mL.min-1.kg-1,rat_liver_microsomes_intrinsic_clearance,2424414,CHEMBL5502962,ChEMBL,activity_25837957,
m_biib_14_hlm_cl,CHEMBL5518143,14,intrinsic_clearance,human_microsomes,=,23.0,,mL.min-1.kg-1,human_liver_microsomes_intrinsic_clearance,2424415,CHEMBL5502963,ChEMBL,activity_25837978,
m_biib_26_log_kinact_ki,CHEMBL5557842,26,log_kinact_Ki,biochemical,=,5.27,,,full_length_BTK_SOX_kinetic_assay,2424411,CHEMBL5502959,ChEMBL,activity_25837905,
m_biib_26_wb_cd69,CHEMBL5557842,26,WB_CD69_IC50,human_whole_blood,=,0.075,,uM,anti_IgD_stimulated_CD19_B_cell_CD69,2424416,CHEMBL5502964,Paperclip_full_text_and_ChEMBL,activity_25838008,Paper reports uM; ChEMBL standardized unit appears inconsistent.
m_biib_26_tmd8_ic50,CHEMBL5557842,26,TMD8_IC50,human_TMD8,=,0.42,,nM,TMD8_cell_proliferation,2424417,CHEMBL5502965,ChEMBL,activity_25838024,
m_biib_26_mdr1_ratio,CHEMBL5557842,26,MDR1_efflux_ratio,MDCK_MDR1,=,7.9,,ratio,MDCK_MDR1_apparent_permeability_efflux,2424413,CHEMBL5502961,ChEMBL,activity_25837948,
m_biib_26_rlm_cl,CHEMBL5557842,26,intrinsic_clearance,rat_microsomes,=,119.0,,mL.min-1.kg-1,rat_liver_microsomes_intrinsic_clearance,2424414,CHEMBL5502962,ChEMBL,activity_25837969,
m_biib_26_hlm_cl,CHEMBL5557842,26,intrinsic_clearance,human_microsomes,=,9.0,,mL.min-1.kg-1,human_liver_microsomes_intrinsic_clearance,2424415,CHEMBL5502963,ChEMBL,activity_25837990,
m_biib_15_log_kinact_ki,CHEMBL5550053,15,log_kinact_Ki,biochemical,=,5.28,,,full_length_BTK_SOX_kinetic_assay,2424411,CHEMBL5502959,ChEMBL,activity_25837894,
m_biib_15_wb_cd69,CHEMBL5550053,15,WB_CD69_IC50,human_whole_blood,=,0.026,,uM,anti_IgD_stimulated_CD19_B_cell_CD69,2424416,CHEMBL5502964,Paperclip_full_text_and_ChEMBL,activity_25837997,Paper reports uM; ChEMBL standardized unit appears inconsistent.
m_biib_15_tmd8_ic50,CHEMBL5550053,15,TMD8_IC50,human_TMD8,>,1000.0,,nM,TMD8_cell_proliferation,2424417,CHEMBL5502965,ChEMBL,activity_25838015,
m_biib_15_mdr1_ratio,CHEMBL5550053,15,MDR1_efflux_ratio,MDCK_MDR1,=,9.6,,ratio,MDCK_MDR1_apparent_permeability_efflux,2424413,CHEMBL5502961,ChEMBL,activity_25837937,
m_biib_15_rlm_cl,CHEMBL5550053,15,intrinsic_clearance,rat_microsomes,=,70.0,,mL.min-1.kg-1,rat_liver_microsomes_intrinsic_clearance,2424414,CHEMBL5502962,ChEMBL,activity_25837958,
m_biib_15_hlm_cl,CHEMBL5550053,15,intrinsic_clearance,human_microsomes,=,12.0,,mL.min-1.kg-1,human_liver_microsomes_intrinsic_clearance,2424415,CHEMBL5502963,ChEMBL,activity_25837979,
m_biib_27_log_kinact_ki,CHEMBL5557589,27,log_kinact_Ki,biochemical,=,4.92,,,full_length_BTK_SOX_kinetic_assay,2424411,CHEMBL5502959,ChEMBL,activity_25837906,
m_biib_27_wb_cd69,CHEMBL5557589,27,WB_CD69_IC50,human_whole_blood,=,0.036,,uM,anti_IgD_stimulated_CD19_B_cell_CD69,2424416,CHEMBL5502964,Paperclip_full_text_and_ChEMBL,activity_25838009;paper_line_437,Paper reports uM; ChEMBL standardized unit appears inconsistent.
m_biib_27_tmd8_ic50,CHEMBL5557589,27,TMD8_IC50,human_TMD8,=,0.63,,nM,TMD8_cell_proliferation,2424417,CHEMBL5502965,ChEMBL,activity_25838025,
m_biib_27_mdr1_ratio,CHEMBL5557589,27,MDR1_efflux_ratio,MDCK_MDR1,=,12.8,,ratio,MDCK_MDR1_apparent_permeability_efflux,2424413,CHEMBL5502961,ChEMBL,activity_25837949,
m_biib_27_rlm_cl,CHEMBL5557589,27,intrinsic_clearance,rat_microsomes,=,180.0,,mL.min-1.kg-1,rat_liver_microsomes_intrinsic_clearance,2424414,CHEMBL5502962,ChEMBL,activity_25837970,
m_biib_27_hlm_cl,CHEMBL5557589,27,intrinsic_clearance,human_microsomes,=,36.0,,mL.min-1.kg-1,human_liver_microsomes_intrinsic_clearance,2424415,CHEMBL5502963,ChEMBL,activity_25837991,
m_biib_27_kpuu,CHEMBL5557589,27,Kp_uu_brain,rat,=,0.44,,ratio,rat_constant_infusion_unbound_brain_to_plasma,2424419,CHEMBL5502967,ChEMBL,activity_25838046,
m_biib_27_gsh_t_half,CHEMBL5557589,27,GSH_half_life,buffer,=,3.2,,hr,GSH_reactivity_half_life,2424420,CHEMBL5502968,ChEMBL,activity_25838061,
